{"variants":{"":[{"model":"betterend:block/lucernia_leaves_21"},{"model":"betterend:block/lucernia_leaves_21","y":90},{"model":"betterend:block/lucernia_leaves_21","y":180},{"model":"betterend:block/lucernia_leaves_21","y":270},{"model":"betterend:block/lucernia_leaves_22"},{"model":"betterend:block/lucernia_leaves_22","y":90},{"model":"betterend:block/lucernia_leaves_22","y":180},{"model":"betterend:block/lucernia_leaves_22","y":270},{"model":"betterend:block/lucernia_leaves_23"},{"model":"betterend:block/lucernia_leaves_23","y":90},{"model":"betterend:block/lucernia_leaves_23","y":180},{"model":"betterend:block/lucernia_leaves_23","y":270},{"model":"betterend:block/lucernia_leaves_24"},{"model":"betterend:block/lucernia_leaves_24","y":90},{"model":"betterend:block/lucernia_leaves_24","y":180},{"model":"betterend:block/lucernia_leaves_24","y":270},{"model":"betterend:block/lucernia_leaves_11"},{"model":"betterend:block/lucernia_leaves_11","y":90},{"model":"betterend:block/lucernia_leaves_11","y":180},{"model":"betterend:block/lucernia_leaves_11","y":270},{"model":"betterend:block/lucernia_leaves_12"},{"model":"betterend:block/lucernia_leaves_12","y":90},{"model":"betterend:block/lucernia_leaves_12","y":180},{"model":"betterend:block/lucernia_leaves_12","y":270},{"model":"betterend:block/lucernia_leaves_13"},{"model":"betterend:block/lucernia_leaves_13","y":90},{"model":"betterend:block/lucernia_leaves_13","y":180},{"model":"betterend:block/lucernia_leaves_13","y":270},{"model":"betterend:block/lucernia_leaves_14"},{"model":"betterend:block/lucernia_leaves_14","y":90},{"model":"betterend:block/lucernia_leaves_14","y":180},{"model":"betterend:block/lucernia_leaves_14","y":270},{"model":"betterend:block/lucernia_leaves_41"},{"model":"betterend:block/lucernia_leaves_41","y":90},{"model":"betterend:block/lucernia_leaves_41","y":180},{"model":"betterend:block/lucernia_leaves_41","y":270},{"model":"betterend:block/lucernia_leaves_42"},{"model":"betterend:block/lucernia_leaves_42","y":90},{"model":"betterend:block/lucernia_leaves_42","y":180},{"model":"betterend:block/lucernia_leaves_42","y":270},{"model":"betterend:block/lucernia_leaves_43"},{"model":"betterend:block/lucernia_leaves_43","y":90},{"model":"betterend:block/lucernia_leaves_43","y":180},{"model":"betterend:block/lucernia_leaves_43","y":270},{"model":"betterend:block/lucernia_leaves_44"},{"model":"betterend:block/lucernia_leaves_44","y":90},{"model":"betterend:block/lucernia_leaves_44","y":180},{"model":"betterend:block/lucernia_leaves_44","y":270},{"model":"betterend:block/lucernia_leaves_31"},{"model":"betterend:block/lucernia_leaves_31","y":90},{"model":"betterend:block/lucernia_leaves_31","y":180},{"model":"betterend:block/lucernia_leaves_31","y":270},{"model":"betterend:block/lucernia_leaves_32"},{"model":"betterend:block/lucernia_leaves_32","y":90},{"model":"betterend:block/lucernia_leaves_32","y":180},{"model":"betterend:block/lucernia_leaves_32","y":270},{"model":"betterend:block/lucernia_leaves_33"},{"model":"betterend:block/lucernia_leaves_33","y":90},{"model":"betterend:block/lucernia_leaves_33","y":180},{"model":"betterend:block/lucernia_leaves_33","y":270},{"model":"betterend:block/lucernia_leaves_34"},{"model":"betterend:block/lucernia_leaves_34","y":90},{"model":"betterend:block/lucernia_leaves_34","y":180},{"model":"betterend:block/lucernia_leaves_34","y":270}]}}