[
  {"version":2},
  {"ingredient":{"id":"minecraft:green_wool","components":{"minecraft:custom_name":"{\"extra\":[{\"bold\":false,\"color\":\"white\",\"italic\":false,\"obfuscated\":false,\"strikethrough\":false,\"text\":\"Fire Damage\",\"underlined\":false}],\"text\":\"\"}","minecraft:lore":["{\"extra\":[{\"bold\":false,\"color\":\"gray\",\"italic\":false,\"obfuscated\":false,\"strikethrough\":false,\"text\":\"true\",\"underlined\":false}],\"text\":\"\"}"],"minecraft:custom_data":{"PublicBukkitValues":{"cmilib:cmiguiicon":"LIProtection"}}}},"type":"item_stack","bookmarkType":"INGREDIENT"},
  {"ingredient":{"id":"minecraft:green_wool","components":{"minecraft:custom_name":"{\"extra\":[{\"bold\":false,\"color\":\"white\",\"italic\":false,\"obfuscated\":false,\"strikethrough\":false,\"text\":\"Ender Pearls Vanish On Death\",\"underlined\":false}],\"text\":\"\"}","minecraft:lore":["{\"extra\":[{\"bold\":false,\"color\":\"gray\",\"italic\":false,\"obfuscated\":false,\"strikethrough\":false,\"text\":\"true\",\"underlined\":false}],\"text\":\"\"}"],"minecraft:custom_data":{"PublicBukkitValues":{"cmilib:cmiguiicon":"LIProtection"}}}},"type":"item_stack","bookmarkType":"INGREDIENT"}
]